<?xml version="1.0" encoding="UTF-8"?>
<!--
 ! (c) Copyright 2005-2012 JAXIO, www.jaxio.com
 ! Source code generated by Celerio, a Jaxio product
 ! Want to use Celerio within your company? email us at info@jaxio.com
 ! Follow us on twitter: @springfuse
 ! Template pack-jsf2-primefaces:src/main/webapp/WEB-INF/flows/edit/editFlow.e.vm.xml
-->
<flow xmlns="http://www.springframework.org/schema/webflow" xmlns:xsi="http://www.w3.org/2001/XMLSchema-instance"
	xsi:schemaLocation="http://www.springframework.org/schema/webflow http://www.springframework.org/schema/webflow/spring-webflow-2.0.xsd"
	parent="abstract/edit">
	
	<!-- note: this flow inherits from the abstract/edit flow -->

	<persistence-context />

	<!-- Flow input parameters -->
	<!-- role: the entity to edit. If null, then we create it here -->
	<input name="role" required="false" value="flowScope.role"/>	
	<on-start>
		<evaluate expression="roleController.newIfNull(role)" result="flowScope.role" />
	</on-start>

	<decision-state id="startChoice">
		<if test="sub" then="roleSubEdit" else="roleEdit" />
	</decision-state>

	<!-- EDIT -->
	<view-state id="roleEdit">
		<on-render>
			<evaluate expression="flowsMenuHandler.updateMenu(flowRequestContext,role.id,roleConverter.print(role))" />
		</on-render>

		<transition on="send">
			<evaluate expression="messageUtil.info('status_submitted_ok')" />
		</transition>

		<transition on="save">
			<evaluate expression="roleController.save(role)" />
		</transition>

		<transition on="saveAndClose">
			<evaluate expression="roleController.saveAndClose(role)" />
		</transition>

		<transition on="close">
			<evaluate expression="primeFacesUtil.showAskForSaveDialog(persistenceContext,role)"/>
		</transition>

		<transition on="deleteAndClose" to="deleteAndClose">
			<evaluate expression="roleController.delete(role)" />
		</transition>
	</view-state>

	<!-- SUB-EDIT -->
	<view-state id="roleSubEdit" view="roleEdit.xhtml">
		<transition on="ok">
			<evaluate expression="primeFacesUtil.forceClose()" />
		</transition>
		<transition on="cancel" to="cancelEdit" />
	</view-state>

	<end-state id="endEdit">
		<output name="role" value="role" />
	</end-state>
</flow>