<?xml version='1.0' encoding='UTF-8'?>
<!--
 ! (c) Copyright 2005-2012 JAXIO, www.jaxio.com
 ! Source code generated by Celerio, a Jaxio product
 ! Want to use Celerio within your company? email us at info@jaxio.com
 ! Follow us on twitter: @springfuse
 ! Template pack-jsf2-primefaces:src/main/webapp/WEB-INF/faces-config.p.vm.xml
-->
<faces-config xmlns="http://java.sun.com/xml/ns/javaee" xmlns:xsi="http://www.w3.org/2001/XMLSchema-instance" xsi:schemaLocation="http://java.sun.com/xml/ns/javaee http://java.sun.com/xml/ns/javaee/web-facesconfig_2_0.xsd" version="2.0">
	<application>
		<resource-handler>com.eldoraludo.ppafgestion.web.util.PrimeResourceHandlerWithCache</resource-handler>
		<locale-config>
			<default-locale>fr</default-locale>
			<supported-locale>en</supported-locale>
			<supported-locale>fr</supported-locale>
		</locale-config>
		<variable-resolver>org.springframework.web.jsf.DelegatingVariableResolver</variable-resolver>
		<message-bundle>com.eldoraludo.ppafgestion.web.util.MessageBundle</message-bundle>
		<resource-bundle>
			<base-name>com.eldoraludo.ppafgestion.web.util.MessageBundle</base-name>
			<var>msg</var>
		</resource-bundle>
	</application>
</faces-config>