<?xml version="1.0" encoding="UTF-8"?>
<!--
 ! (c) Copyright 2005-2012 JAXIO, www.jaxio.com
 ! Source code generated by Celerio, a Jaxio product
 ! Want to use Celerio within your company? email us at info@jaxio.com
 ! Follow us on twitter: @springfuse
 ! Template pack-jsf2-primefaces:src/main/webapp/WEB-INF/flows/edit/editFlow.e.vm.xml
-->
<flow xmlns="http://www.springframework.org/schema/webflow" xmlns:xsi="http://www.w3.org/2001/XMLSchema-instance"
	xsi:schemaLocation="http://www.springframework.org/schema/webflow http://www.springframework.org/schema/webflow/spring-webflow-2.0.xsd"
	parent="abstract/edit">
	
	<!-- note: this flow inherits from the abstract/edit flow -->

	<persistence-context />
	<!-- Flow vars -->
	<var name="tabBean" class="com.eldoraludo.ppafgestion.web.util.TabBean"/>

	<!-- Flow input parameters -->
	<!-- utilisateur: the entity to edit. If null, then we create it here -->
	<input name="utilisateur" required="false" value="flowScope.utilisateur"/>	
	<on-start>
		<evaluate expression="utilisateurController.newIfNull(utilisateur)" result="flowScope.utilisateur" />
	</on-start>

	<decision-state id="startChoice">
		<if test="sub" then="utilisateurSubEdit" else="utilisateurEdit" />
	</decision-state>

	<!-- EDIT -->
	<view-state id="utilisateurEdit" parent="#utilisateurEditCommon">
		<on-render>
			<evaluate expression="flowsMenuHandler.updateMenu(flowRequestContext,utilisateur.id,utilisateurConverter.print(utilisateur))" />
		</on-render>

		<transition on="send">
			<evaluate expression="messageUtil.info('status_submitted_ok')" />
		</transition>

		<transition on="save">
			<evaluate expression="utilisateurController.save(utilisateur)" />
		</transition>

		<transition on="saveAndClose">
			<evaluate expression="utilisateurController.saveAndClose(utilisateur)" />
		</transition>

		<transition on="close">
			<evaluate expression="primeFacesUtil.showAskForSaveDialog(persistenceContext,utilisateur)"/>
		</transition>

		<transition on="deleteAndClose" to="deleteAndClose">
			<evaluate expression="utilisateurController.delete(utilisateur)" />
		</transition>
	</view-state>

	<!-- SUB-EDIT -->
	<view-state id="utilisateurSubEdit" view="utilisateurEdit.xhtml" parent="#utilisateurEditCommon">
		<transition on="ok">
			<evaluate expression="primeFacesUtil.forceClose()" />
		</transition>
		<transition on="cancel" to="cancelEdit" />
	</view-state>

	<!-- COMMON-EDIT -->
	<view-state id="utilisateurEditCommon">
		<on-entry>
			<!-- Prefetch many to many lists and convert them to dataModel -->
			<evaluate expression="utilisateur.roles" result="flowScope.roles" result-type="dataModel" />
		</on-entry>

		<!-- membreppaf transitions (x-to-one) -->
		<transition on="selectMembreppaf" to="selectMembreppaf" />
		<transition on="editMembreppaf" to="editMembreppaf">
			<set name="requestScope.paramReadonly" value="false" type="boolean" />
		</transition>
		<transition on="viewMembreppaf" to="editMembreppaf">
			<set name="requestScope.paramReadonly" value="true" type="boolean" />
		</transition>

		<!-- roles transitions (many-to-many) -->
		<transition on="searchRole" to="searchRole" />
		<transition on="addRole" to="addRole" />
		<transition on="viewRole" to="editRole">
			<set name="requestScope.paramReadonly" value="true" type="boolean" />
		</transition>
		<transition on="removeRole">
			<evaluate expression="utilisateur.removeRole(flowScope.roles.selectedRow)" />
			<evaluate expression="messageUtil.info('status_removed_ok',resourceBundle.utilisateur_roles)" />
		</transition>
	</view-state>

	<!-- SUBFLOW membreppaf (x-to-one) -->
	<subflow-state id="selectMembreppaf" subflow="membreppaf">
		<input name="sub" value="true" />
		<transition on="membreppafSelected" to="startChoice">
			<evaluate expression="utilisateur.setMembreppaf(currentEvent.attributes.membreppafSelected)" />
			<evaluate expression="messageUtil.info('status_selected_ok',resourceBundle.utilisateur_membreppaf)" />
		</transition>
		<transition on="cancel" to="startChoice" />
	</subflow-state>
	<subflow-state id="editMembreppaf" subflow="membreppaf/edit">
		<input name="sub" value="true" />
		<input name="readonly" value="requestScope.paramReadonly" />
		<input name="membreppaf" value="utilisateur.membreppaf" />
		<transition on="endEdit" to="startChoice">
			<evaluate expression="messageUtil.info('status_edited_ok',resourceBundle.utilisateur_membreppaf)" />
		</transition>
		<transition on="cancelEdit" to="startChoice" />
	</subflow-state>


	<!-- SUBFLOW roles (many-to-many) -->
	<subflow-state id="searchRole" subflow="role">
		<input name="sub" value="true" />
		<transition on="roleSelected" to="startChoice">
			<evaluate expression="utilisateur.addRole(currentEvent.attributes.roleSelected)" />
			<evaluate expression="messageUtil.info('status_added_existing_ok',resourceBundle.utilisateur_roles)" />
		</transition>
		<transition on="cancel" to="startChoice" />
	</subflow-state>
	<subflow-state id="addRole" subflow="role/edit">
		<input name="sub" value="true" />
		<transition on="endEdit" to="startChoice">
			<evaluate expression="utilisateur.addRole(currentEvent.attributes.role)" />
			<evaluate expression="messageUtil.info('status_added_new_ok',resourceBundle.utilisateur_roles)" />
		</transition>
		<transition on="cancelEdit" to="startChoice" />
	</subflow-state>
	<subflow-state id="editRole" subflow="role/edit">
		<input name="sub" value="true" />
		<input name="readonly" value="requestScope.paramReadonly" />
		<input name="role" value="flowScope.roles.selectedRow" />
		<transition on="endEdit" to="startChoice">
			<evaluate expression="messageUtil.info('status_edited_ok',resourceBundle.utilisateur_roles)" />
		</transition>
		<transition on="@it" to="startChoice" />
	</subflow-state>

	<end-state id="endEdit">
		<output name="utilisateur" value="utilisateur" />
	</end-state>
</flow>