<?xml version="1.0" encoding="UTF-8"?>
<!--
 ! (c) Copyright 2005-2012 JAXIO, www.jaxio.com
 ! Source code generated by Celerio, a Jaxio product
 ! Want to use Celerio within your company? email us at info@jaxio.com
 ! Follow us on twitter: @springfuse
 ! Template pack-jsf2-primefaces:bootstrap/generic/maven-celerio-plugin.boot.vm.xml
-->
<celerio xmlns="http://www.jaxio.com/schema/celerio" xmlns:xsi="http://www.w3.org/2001/XMLSchema-instance" xsi:schemaLocation="http://www.jaxio.com/schema/celerio ./celerio.xsd">
	<configuration rootPackage="com.eldoraludo.ppafgestion" applicationName="PPAFGestion">
		<!-- Which tables are used for generation -->
		<tables>
			<!-- <table include="false" pattern="*_AUDIT"/> -->
			<table include="true" pattern="*" />
		</tables>

		<!-- global number mapping (optional) -->
		<numberMappings>
			<numberMapping mappedType="M_BOOLEAN" columnSizeMin="1" columnSizeMax="2" columnDecimalDigitsMin="0" columnDecimalDigitsMax="0" />
			<!-- <numberMapping mappedType="M_BIGDECIMAL" columnSizeMin="10" columnDecimalDigitsMin="4"/> -->
		</numberMappings>

		<!-- global date mapping (optional) -->
		<dateMappings>
			<!-- <dateMapping columnNameRegExp="VERSION" mappedType="M_UTILDATE"/> -->
			<!-- <dateMapping columnJdbcType="TIMESTAMP" mappedType="M_JODA_LOCALDATETIME"/> -->
			<!-- <dateMapping columnJdbcType="DATE" mappedType="M_JODA_LOCALDATE"/> -->
		</dateMappings>

		<conventions identifiableProperty="id" />
	</configuration>

	<entityConfigs>
		<!-- Account demonstrates misc column configurations -->
		<entityConfig tableName="ACCOUNT">
			<columnConfigs>
				<columnConfig columnName="login" min="4" fieldName="username" searchResult="true" />
				<columnConfig columnName="email" searchResult="true" />
				<columnConfig columnName="is_enabled" searchResult="true" />
				<columnConfig columnName="civility" sharedEnumName="Civility" />
				<columnConfig columnName="address_id" searchResult="true">
					<manyToOneConfig var="homeAddress" />
				</columnConfig>
			</columnConfigs>
		</entityConfig>

		<!-- Book demonstrates one-to-many relation -->
		<entityConfig tableName="BOOK">
			<columnConfigs>
				<columnConfig columnName="account_id" associationDirection="BIDIRECTIONAL" />
			</columnConfigs>
		</entityConfig>

		<!-- Document demonstrates one-to-many relation and upload/download -->
		<entityConfig tableName="DOCUMENT">
			<columnConfigs>
				<columnConfig columnName="account_id" associationDirection="BIDIRECTIONAL" />
			</columnConfigs>
		</entityConfig>

		<!-- Role demonstrates many-to-many relation and spring-security integration -->
		<entityConfig tableName="ROLE">
			<columnConfigs>
				<columnConfig columnName="role_name" messageKey="true" />
			</columnConfigs>
		</entityConfig>

		<entityConfig tableName="ACCOUNT_ROLE" associationDirection="UNIDIRECTIONAL">
			<columnConfigs>
				<columnConfig columnName="role_id" inverse="true" />
			</columnConfigs>
		</entityConfig>

		<!-- MoreTypesDemo demonstrates sub-packages and various types support such as joda time, BigDecimal etc. -->
		<entityConfig tableName="MORE_TYPES_DEMO" subPackage="more">
			<columnConfigs>
				<columnConfig columnName="date_joda" mappedType="M_JODA_LOCALDATE" />
				<columnConfig columnName="date_time_joda" mappedType="M_JODA_LOCALDATETIME" />
			</columnConfigs>
		</entityConfig>
	</entityConfigs>

	<!-- Generate enums used by the entities above -->
	<sharedEnumConfigs>
		<sharedEnumConfig name="Civility" type="STRING">
			<enumValues>
				<enumValue value="MR" label="Mister" />
				<enumValue value="MS" label="Miss" />
			</enumValues>
		</sharedEnumConfig>
	</sharedEnumConfigs>
</celerio>