<?xml version="1.0" encoding="UTF-8"?>
<!--
 ! (c) Copyright 2005-2012 JAXIO, www.jaxio.com
 ! Source code generated by Celerio, a Jaxio product
 ! Want to use Celerio within your company? email us at info@jaxio.com
 ! Follow us on twitter: @springfuse
 ! Template pack-jsf2-primefaces:src/main/webapp/WEB-INF/flows/edit/editFlow.e.vm.xml
-->
<flow xmlns="http://www.springframework.org/schema/webflow" xmlns:xsi="http://www.w3.org/2001/XMLSchema-instance"
	xsi:schemaLocation="http://www.springframework.org/schema/webflow http://www.springframework.org/schema/webflow/spring-webflow-2.0.xsd"
	parent="abstract/edit">
	
	<!-- note: this flow inherits from the abstract/edit flow -->

	<persistence-context />

	<!-- Flow input parameters -->
	<!-- suividulieudedepot: the entity to edit. If null, then we create it here -->
	<input name="suividulieudedepot" required="false" value="flowScope.suividulieudedepot"/>	
	<on-start>
		<evaluate expression="suividulieudedepotController.newIfNull(suividulieudedepot)" result="flowScope.suividulieudedepot" />
	</on-start>

	<decision-state id="startChoice">
		<if test="sub" then="suividulieudedepotSubEdit" else="suividulieudedepotEdit" />
	</decision-state>

	<!-- EDIT -->
	<view-state id="suividulieudedepotEdit" parent="#suividulieudedepotEditCommon">
		<on-render>
			<evaluate expression="flowsMenuHandler.updateMenu(flowRequestContext,suividulieudedepot.id,suividulieudedepotConverter.print(suividulieudedepot))" />
		</on-render>

		<transition on="send">
			<evaluate expression="messageUtil.info('status_submitted_ok')" />
		</transition>

		<transition on="save">
			<evaluate expression="suividulieudedepotController.save(suividulieudedepot)" />
		</transition>

		<transition on="saveAndClose">
			<evaluate expression="suividulieudedepotController.saveAndClose(suividulieudedepot)" />
		</transition>

		<transition on="close">
			<evaluate expression="primeFacesUtil.showAskForSaveDialog(persistenceContext,suividulieudedepot)"/>
		</transition>

		<transition on="deleteAndClose" to="deleteAndClose">
			<evaluate expression="suividulieudedepotController.delete(suividulieudedepot)" />
		</transition>
	</view-state>

	<!-- SUB-EDIT -->
	<view-state id="suividulieudedepotSubEdit" view="suividulieudedepotEdit.xhtml" parent="#suividulieudedepotEditCommon">
		<transition on="ok">
			<evaluate expression="primeFacesUtil.forceClose()" />
		</transition>
		<transition on="cancel" to="cancelEdit" />
	</view-state>

	<!-- COMMON-EDIT -->
	<view-state id="suividulieudedepotEditCommon">

		<!-- membreppaf transitions (x-to-one) -->
		<transition on="selectMembreppaf" to="selectMembreppaf" />
		<transition on="editMembreppaf" to="editMembreppaf">
			<set name="requestScope.paramReadonly" value="false" type="boolean" />
		</transition>
		<transition on="viewMembreppaf" to="editMembreppaf">
			<set name="requestScope.paramReadonly" value="true" type="boolean" />
		</transition>

		<!-- lieudedepot transitions (x-to-one) -->
		<transition on="selectLieudedepot" to="selectLieudedepot" />
		<transition on="editLieudedepot" to="editLieudedepot">
			<set name="requestScope.paramReadonly" value="false" type="boolean" />
		</transition>
		<transition on="viewLieudedepot" to="editLieudedepot">
			<set name="requestScope.paramReadonly" value="true" type="boolean" />
		</transition>
	</view-state>

	<!-- SUBFLOW membreppaf (x-to-one) -->
	<subflow-state id="selectMembreppaf" subflow="membreppaf">
		<input name="sub" value="true" />
		<transition on="membreppafSelected" to="startChoice">
			<evaluate expression="suividulieudedepot.setMembreppaf(currentEvent.attributes.membreppafSelected)" />
			<evaluate expression="messageUtil.info('status_selected_ok',resourceBundle.suividulieudedepot_membreppaf)" />
		</transition>
		<transition on="cancel" to="startChoice" />
	</subflow-state>
	<subflow-state id="editMembreppaf" subflow="membreppaf/edit">
		<input name="sub" value="true" />
		<input name="readonly" value="requestScope.paramReadonly" />
		<input name="membreppaf" value="suividulieudedepot.membreppaf" />
		<transition on="endEdit" to="startChoice">
			<evaluate expression="messageUtil.info('status_edited_ok',resourceBundle.suividulieudedepot_membreppaf)" />
		</transition>
		<transition on="cancelEdit" to="startChoice" />
	</subflow-state>


	<!-- SUBFLOW lieudedepot (x-to-one) -->
	<subflow-state id="selectLieudedepot" subflow="lieudedepot">
		<input name="sub" value="true" />
		<transition on="lieudedepotSelected" to="startChoice">
			<evaluate expression="suividulieudedepot.setLieudedepot(currentEvent.attributes.lieudedepotSelected)" />
			<evaluate expression="messageUtil.info('status_selected_ok',resourceBundle.suividulieudedepot_lieudedepot)" />
		</transition>
		<transition on="cancel" to="startChoice" />
	</subflow-state>
	<subflow-state id="editLieudedepot" subflow="lieudedepot/edit">
		<input name="sub" value="true" />
		<input name="readonly" value="requestScope.paramReadonly" />
		<input name="lieudedepot" value="suividulieudedepot.lieudedepot" />
		<transition on="endEdit" to="startChoice">
			<evaluate expression="messageUtil.info('status_edited_ok',resourceBundle.suividulieudedepot_lieudedepot)" />
		</transition>
		<transition on="cancelEdit" to="startChoice" />
	</subflow-state>

	<end-state id="endEdit">
		<output name="suividulieudedepot" value="suividulieudedepot" />
	</end-state>
</flow>