<?xml version="1.0" encoding="UTF-8"?>
<!--
 ! (c) Copyright 2005-2012 JAXIO, www.jaxio.com
 ! Source code generated by Celerio, a Jaxio product
 ! Want to use Celerio within your company? email us at info@jaxio.com
 ! Follow us on twitter: @springfuse
 ! Template pack-jsf2-primefaces:src/main/webapp/WEB-INF/flows/edit/editFlow.e.vm.xml
-->
<flow xmlns="http://www.springframework.org/schema/webflow" xmlns:xsi="http://www.w3.org/2001/XMLSchema-instance"
	xsi:schemaLocation="http://www.springframework.org/schema/webflow http://www.springframework.org/schema/webflow/spring-webflow-2.0.xsd"
	parent="abstract/edit">
	
	<!-- note: this flow inherits from the abstract/edit flow -->

	<persistence-context />

	<!-- Flow input parameters -->
	<!-- membreppaf: the entity to edit. If null, then we create it here -->
	<input name="membreppaf" required="false" value="flowScope.membreppaf"/>	
	<on-start>
		<evaluate expression="membreppafController.newIfNull(membreppaf)" result="flowScope.membreppaf" />
	</on-start>

	<decision-state id="startChoice">
		<if test="sub" then="membreppafSubEdit" else="membreppafEdit" />
	</decision-state>

	<!-- EDIT -->
	<view-state id="membreppafEdit" parent="#membreppafEditCommon">
		<on-render>
			<evaluate expression="flowsMenuHandler.updateMenu(flowRequestContext,membreppaf.id,membreppafConverter.print(membreppaf))" />
		</on-render>

		<transition on="send">
			<evaluate expression="messageUtil.info('status_submitted_ok')" />
		</transition>

		<transition on="save">
			<evaluate expression="membreppafController.save(membreppaf)" />
		</transition>

		<transition on="saveAndClose">
			<evaluate expression="membreppafController.saveAndClose(membreppaf)" />
		</transition>

		<transition on="close">
			<evaluate expression="primeFacesUtil.showAskForSaveDialog(persistenceContext,membreppaf)"/>
		</transition>

		<transition on="deleteAndClose" to="deleteAndClose">
			<evaluate expression="membreppafController.delete(membreppaf)" />
		</transition>
	</view-state>

	<!-- SUB-EDIT -->
	<view-state id="membreppafSubEdit" view="membreppafEdit.xhtml" parent="#membreppafEditCommon">
		<transition on="ok">
			<evaluate expression="primeFacesUtil.forceClose()" />
		</transition>
		<transition on="cancel" to="cancelEdit" />
	</view-state>

	<!-- COMMON-EDIT -->
	<view-state id="membreppafEditCommon">

		<!-- rolemembre transitions (x-to-one) -->
		<transition on="selectRolemembre" to="selectRolemembre" />
		<transition on="editRolemembre" to="editRolemembre">
			<set name="requestScope.paramReadonly" value="false" type="boolean" />
		</transition>
		<transition on="viewRolemembre" to="editRolemembre">
			<set name="requestScope.paramReadonly" value="true" type="boolean" />
		</transition>
	</view-state>

	<!-- SUBFLOW rolemembre (x-to-one) -->
	<subflow-state id="selectRolemembre" subflow="rolemembre">
		<input name="sub" value="true" />
		<transition on="rolemembreSelected" to="startChoice">
			<evaluate expression="membreppaf.setRolemembre(currentEvent.attributes.rolemembreSelected)" />
			<evaluate expression="messageUtil.info('status_selected_ok',resourceBundle.membreppaf_rolemembre)" />
		</transition>
		<transition on="cancel" to="startChoice" />
	</subflow-state>
	<subflow-state id="editRolemembre" subflow="rolemembre/edit">
		<input name="sub" value="true" />
		<input name="readonly" value="requestScope.paramReadonly" />
		<input name="rolemembre" value="membreppaf.rolemembre" />
		<transition on="endEdit" to="startChoice">
			<evaluate expression="messageUtil.info('status_edited_ok',resourceBundle.membreppaf_rolemembre)" />
		</transition>
		<transition on="cancelEdit" to="startChoice" />
	</subflow-state>

	<end-state id="endEdit">
		<output name="membreppaf" value="membreppaf" />
	</end-state>
</flow>