<?xml version="1.0" encoding="UTF-8" ?>
<!DOCTYPE log4j:configuration SYSTEM "log4j.dtd">
<!--
 ! (c) Copyright 2005-2012 JAXIO, www.jaxio.com
 ! Source code generated by Celerio, a Jaxio product
 ! Want to use Celerio within your company? email us at info@jaxio.com
 ! Follow us on twitter: @springfuse
 ! Template pack-backend-jpa:src/main/resources/log4j.p.vm.xml
-->
<log4j:configuration xmlns:log4j="http://jakarta.apache.org/log4j/">

	<appender name="Console" class="org.apache.log4j.ConsoleAppender">
		<layout class="org.apache.log4j.PatternLayout">
			<param name="ConversionPattern" value="[@project.name@] - %d{ISO8601} - %X{login} - %m%n" />
		</layout>
	</appender>

	<appender name="File" class="org.apache.log4j.RollingFileAppender">
		<param name="File" value="@project.name@-@project.version@.log" />
		<param name="MaxFileSize" value="5000KB" />
		<param name="MaxBackupIndex" value="20" />

		<layout class="org.apache.log4j.PatternLayout">
			<param name="ConversionPattern" value="[${name}] - %d{ISO8601} - %X{login} - %m%n" />
		</layout>
	</appender>

	<logger name="com.eldoraludo.ppafgestion">
		<level value="@log4j.level@" />
	</logger>

	<logger name="com.eldoraludo.ppafgestion.dao">
		<level value="warn" />
	</logger>

	<!-- JSF Phase listener (debug purpose) -->
	<!-- <logger name="org.springframework.faces.support.RequestLoggingPhaseListener"> -->
	<!-- <level value="${log4j.level}" /> -->
	<!-- </logger> -->

	<!-- TRANSACTION -->
	<logger name="org.springframework.transaction">
		<level value="warn" />
	</logger>
	<logger name="org.springframework.orm.hibernate3">
		<level value="warn" />
	</logger>

	<!-- HIBERNATE & CACHE SPECIFIC -->
	<logger name="org.hibernate.cache.EhCacheProvider">
		<level value="error" />
	</logger>

	<logger name="org.hibernate">
		<level value="warn" />
	</logger>

	<!-- Log Hibernate SQL queries to file (log level must be DEBUG to enable it) -->
	<logger name="org.hibernate.SQL" additivity="false">
		<level value="debug" />
		<appender-ref ref="File" />
	</logger>

	<!-- log the param value in the prepared statement and the query result! (log level must be TRACE to enable it) -->
	<!--<logger name="org.hibernate.type"> -->
	<!--<level value="trace" /> -->
	<!-- <appender-ref ref="File"/> -->
	<!--</logger> -->

	<!-- OTHER OPEN SOURCE PACKAGES -->
	<logger name="org.springframework.security">
		<level value="warn" />
	</logger>
	<logger name="org.apache.commons">
		<level value="warn" />
	</logger>
	<logger name="org.springframework">
		<level value="warn" />
	</logger>
	<logger name="org.springframework.beans.factory.support">
		<level value="warn" />
	</logger>

	<root>
		<priority value="warn" />
		<appender-ref ref="Console" />
		<appender-ref ref="File" />
	</root>
</log4j:configuration>
