<?xml version="1.0" encoding="UTF-8"?>
<!--
 ! (c) Copyright 2005-2012 JAXIO, www.jaxio.com
 ! Source code generated by Celerio, a Jaxio product
 ! Want to use Celerio within your company? email us at info@jaxio.com
 ! Follow us on twitter: @springfuse
 ! Template pack-jsf2-primefaces:src/main/webapp/WEB-INF/flows/edit/editFlow.e.vm.xml
-->
<flow xmlns="http://www.springframework.org/schema/webflow" xmlns:xsi="http://www.w3.org/2001/XMLSchema-instance"
	xsi:schemaLocation="http://www.springframework.org/schema/webflow http://www.springframework.org/schema/webflow/spring-webflow-2.0.xsd"
	parent="abstract/edit">
	
	<!-- note: this flow inherits from the abstract/edit flow -->

	<persistence-context />

	<!-- Flow input parameters -->
	<!-- itemlieudedepot: the entity to edit. If null, then we create it here -->
	<input name="itemlieudedepot" required="false" value="flowScope.itemlieudedepot"/>	
	<on-start>
		<evaluate expression="itemlieudedepotController.newIfNull(itemlieudedepot)" result="flowScope.itemlieudedepot" />
	</on-start>

	<decision-state id="startChoice">
		<if test="sub" then="itemlieudedepotSubEdit" else="itemlieudedepotEdit" />
	</decision-state>

	<!-- EDIT -->
	<view-state id="itemlieudedepotEdit" parent="#itemlieudedepotEditCommon">
		<on-render>
			<evaluate expression="flowsMenuHandler.updateMenu(flowRequestContext,itemlieudedepot.id,itemlieudedepotConverter.print(itemlieudedepot))" />
		</on-render>

		<transition on="send">
			<evaluate expression="messageUtil.info('status_submitted_ok')" />
		</transition>

		<transition on="save">
			<evaluate expression="itemlieudedepotController.save(itemlieudedepot)" />
		</transition>

		<transition on="saveAndClose">
			<evaluate expression="itemlieudedepotController.saveAndClose(itemlieudedepot)" />
		</transition>

		<transition on="close">
			<evaluate expression="primeFacesUtil.showAskForSaveDialog(persistenceContext,itemlieudedepot)"/>
		</transition>

		<transition on="deleteAndClose" to="deleteAndClose">
			<evaluate expression="itemlieudedepotController.delete(itemlieudedepot)" />
		</transition>
	</view-state>

	<!-- SUB-EDIT -->
	<view-state id="itemlieudedepotSubEdit" view="itemlieudedepotEdit.xhtml" parent="#itemlieudedepotEditCommon">
		<transition on="ok">
			<evaluate expression="primeFacesUtil.forceClose()" />
		</transition>
		<transition on="cancel" to="cancelEdit" />
	</view-state>

	<!-- COMMON-EDIT -->
	<view-state id="itemlieudedepotEditCommon">

		<!-- membreppaf transitions (x-to-one) -->
		<transition on="selectMembreppaf" to="selectMembreppaf" />
		<transition on="editMembreppaf" to="editMembreppaf">
			<set name="requestScope.paramReadonly" value="false" type="boolean" />
		</transition>
		<transition on="viewMembreppaf" to="editMembreppaf">
			<set name="requestScope.paramReadonly" value="true" type="boolean" />
		</transition>

		<!-- item transitions (x-to-one) -->
		<transition on="selectItem" to="selectItem" />
		<transition on="editItem" to="editItem">
			<set name="requestScope.paramReadonly" value="false" type="boolean" />
		</transition>
		<transition on="viewItem" to="editItem">
			<set name="requestScope.paramReadonly" value="true" type="boolean" />
		</transition>

		<!-- lieudedepot transitions (x-to-one) -->
		<transition on="selectLieudedepot" to="selectLieudedepot" />
		<transition on="editLieudedepot" to="editLieudedepot">
			<set name="requestScope.paramReadonly" value="false" type="boolean" />
		</transition>
		<transition on="viewLieudedepot" to="editLieudedepot">
			<set name="requestScope.paramReadonly" value="true" type="boolean" />
		</transition>

		<!-- contact transitions (x-to-one) -->
		<transition on="selectContact" to="selectContact" />
		<transition on="editContact" to="editContact">
			<set name="requestScope.paramReadonly" value="false" type="boolean" />
		</transition>
		<transition on="viewContact" to="editContact">
			<set name="requestScope.paramReadonly" value="true" type="boolean" />
		</transition>
	</view-state>

	<!-- SUBFLOW membreppaf (x-to-one) -->
	<subflow-state id="selectMembreppaf" subflow="membreppaf">
		<input name="sub" value="true" />
		<transition on="membreppafSelected" to="startChoice">
			<evaluate expression="itemlieudedepot.setMembreppaf(currentEvent.attributes.membreppafSelected)" />
			<evaluate expression="messageUtil.info('status_selected_ok',resourceBundle.itemlieudedepot_membreppaf)" />
		</transition>
		<transition on="cancel" to="startChoice" />
	</subflow-state>
	<subflow-state id="editMembreppaf" subflow="membreppaf/edit">
		<input name="sub" value="true" />
		<input name="readonly" value="requestScope.paramReadonly" />
		<input name="membreppaf" value="itemlieudedepot.membreppaf" />
		<transition on="endEdit" to="startChoice">
			<evaluate expression="messageUtil.info('status_edited_ok',resourceBundle.itemlieudedepot_membreppaf)" />
		</transition>
		<transition on="cancelEdit" to="startChoice" />
	</subflow-state>


	<!-- SUBFLOW item (x-to-one) -->
	<subflow-state id="selectItem" subflow="item">
		<input name="sub" value="true" />
		<transition on="itemSelected" to="startChoice">
			<evaluate expression="itemlieudedepot.setItem(currentEvent.attributes.itemSelected)" />
			<evaluate expression="messageUtil.info('status_selected_ok',resourceBundle.itemlieudedepot_item)" />
		</transition>
		<transition on="cancel" to="startChoice" />
	</subflow-state>
	<subflow-state id="editItem" subflow="item/edit">
		<input name="sub" value="true" />
		<input name="readonly" value="requestScope.paramReadonly" />
		<input name="item" value="itemlieudedepot.item" />
		<transition on="endEdit" to="startChoice">
			<evaluate expression="messageUtil.info('status_edited_ok',resourceBundle.itemlieudedepot_item)" />
		</transition>
		<transition on="cancelEdit" to="startChoice" />
	</subflow-state>


	<!-- SUBFLOW lieudedepot (x-to-one) -->
	<subflow-state id="selectLieudedepot" subflow="lieudedepot">
		<input name="sub" value="true" />
		<transition on="lieudedepotSelected" to="startChoice">
			<evaluate expression="itemlieudedepot.setLieudedepot(currentEvent.attributes.lieudedepotSelected)" />
			<evaluate expression="messageUtil.info('status_selected_ok',resourceBundle.itemlieudedepot_lieudedepot)" />
		</transition>
		<transition on="cancel" to="startChoice" />
	</subflow-state>
	<subflow-state id="editLieudedepot" subflow="lieudedepot/edit">
		<input name="sub" value="true" />
		<input name="readonly" value="requestScope.paramReadonly" />
		<input name="lieudedepot" value="itemlieudedepot.lieudedepot" />
		<transition on="endEdit" to="startChoice">
			<evaluate expression="messageUtil.info('status_edited_ok',resourceBundle.itemlieudedepot_lieudedepot)" />
		</transition>
		<transition on="cancelEdit" to="startChoice" />
	</subflow-state>


	<!-- SUBFLOW contact (x-to-one) -->
	<subflow-state id="selectContact" subflow="contact">
		<input name="sub" value="true" />
		<transition on="contactSelected" to="startChoice">
			<evaluate expression="itemlieudedepot.setContact(currentEvent.attributes.contactSelected)" />
			<evaluate expression="messageUtil.info('status_selected_ok',resourceBundle.itemlieudedepot_contact)" />
		</transition>
		<transition on="cancel" to="startChoice" />
	</subflow-state>
	<subflow-state id="editContact" subflow="contact/edit">
		<input name="sub" value="true" />
		<input name="readonly" value="requestScope.paramReadonly" />
		<input name="contact" value="itemlieudedepot.contact" />
		<transition on="endEdit" to="startChoice">
			<evaluate expression="messageUtil.info('status_edited_ok',resourceBundle.itemlieudedepot_contact)" />
		</transition>
		<transition on="cancelEdit" to="startChoice" />
	</subflow-state>

	<end-state id="endEdit">
		<output name="itemlieudedepot" value="itemlieudedepot" />
	</end-state>
</flow>