<?xml version="1.0" encoding="UTF-8" ?>
<!--
 ! (c) Copyright 2005-2012 JAXIO, www.jaxio.com
 ! Source code generated by Celerio, a Jaxio product
 ! Want to use Celerio within your company? email us at info@jaxio.com
 ! Follow us on twitter: @springfuse
 ! Template pack-backend-jpa:src/main/resources/localization/domain/domain_fr.e.vm.xml
-->
<!DOCTYPE properties SYSTEM "http://java.sun.com/dtd/properties.dtd">
<properties>
	<comment>Domain resources for Itemlieudedepot for the french locale</comment>

	<entry key="itemlieudedepot">Itemlieudedepot</entry>

	<!-- Attributes -->
	<entry key="itemlieudedepot_id">Id</entry>
	<entry key="itemlieudedepot_date">Date</entry>
	<entry key="itemlieudedepot_quantite">Quantite</entry>
	<entry key="itemlieudedepot_prixunitaire">Prixunitaire</entry>
	<entry key="itemlieudedepot_itemId">Item Id</entry>
	<entry key="itemlieudedepot_contactId">Contact Id</entry>
	<entry key="itemlieudedepot_lieudedepotId">Lieudedepot Id</entry>
	<entry key="itemlieudedepot_membreppafId">Membreppaf Id</entry>
	<entry key="itemlieudedepot_note">Note</entry>

	<!-- x-to-one -->
	<entry key="itemlieudedepot_membreppaf">Membreppaf</entry>
	<entry key="itemlieudedepot_item">Item</entry>
	<entry key="itemlieudedepot_lieudedepot">Lieudedepot</entry>
	<entry key="itemlieudedepot_contact">Contact</entry>

	
</properties>