<?xml version="1.0" encoding="UTF-8" ?>
<!--
 ! (c) Copyright 2005-2012 JAXIO, www.jaxio.com
 ! Source code generated by Celerio, a Jaxio product
 ! Want to use Celerio within your company? email us at info@jaxio.com
 ! Follow us on twitter: @springfuse
 ! Template pack-backend-jpa:src/main/resources/localization/domain/domain.e.vm.xml
-->
<!DOCTYPE properties SYSTEM "http://java.sun.com/dtd/properties.dtd">
<properties>
	<comment>Domain resources for Itemlieudestockage</comment>

	<entry key="itemlieudestockage">Itemlieudestockage</entry>

	<!-- Attributes -->
	<entry key="itemlieudestockage_id">Id</entry>
	<entry key="itemlieudestockage_date">Date</entry>
	<entry key="itemlieudestockage_quantite">Quantite</entry>
	<entry key="itemlieudestockage_itemId">Item Id</entry>
	<entry key="itemlieudestockage_lieudestockageId">Lieudestockage Id</entry>
	<entry key="itemlieudestockage_note">Note</entry>

	<!-- x-to-one -->
	<entry key="itemlieudestockage_lieudestockage">Lieudestockage</entry>
	<entry key="itemlieudestockage_item">Item</entry>
</properties>