<?xml version="1.0" encoding="UTF-8" ?>
<!--
 ! (c) Copyright 2005-2012 JAXIO, www.jaxio.com
 ! Source code generated by Celerio, a Jaxio product
 ! Want to use Celerio within your company? email us at info@jaxio.com
 ! Follow us on twitter: @springfuse
 ! Template pack-backend-jpa:src/main/resources/localization/domain/domain.e.vm.xml
-->
<!DOCTYPE properties SYSTEM "http://java.sun.com/dtd/properties.dtd">
<properties>
	<comment>Domain resources for Lieudedepot</comment>

	<entry key="lieudedepot">Lieudedepot</entry>

	<!-- Attributes -->
	<entry key="lieudedepot_id">Id</entry>
	<entry key="lieudedepot_numerotelephone1">Numerotelephone1</entry>
	<entry key="lieudedepot_numerotelephone2">Numerotelephone2</entry>
	<entry key="lieudedepot_rue">Rue</entry>
	<entry key="lieudedepot_ville">Ville</entry>
	<entry key="lieudedepot_codepostal">Codepostal</entry>
	<entry key="lieudedepot_infosuppl">Infosuppl</entry>
	<entry key="lieudedepot_type">Type</entry>
</properties>