<?xml version="1.0" encoding="UTF-8" ?>
<!--
 ! (c) Copyright 2005-2012 JAXIO, www.jaxio.com
 ! Source code generated by Celerio, a Jaxio product
 ! Want to use Celerio within your company? email us at info@jaxio.com
 ! Follow us on twitter: @springfuse
 ! Template pack-backend-jpa:src/main/resources/localization/domain/domain.e.vm.xml
-->
<!DOCTYPE properties SYSTEM "http://java.sun.com/dtd/properties.dtd">
<properties>
	<comment>Domain resources for Membreppaf</comment>

	<entry key="membreppaf">Membreppaf</entry>

	<!-- Attributes -->
	<entry key="membreppaf_id">Id</entry>
	<entry key="membreppaf_nom">Nom</entry>
	<entry key="membreppaf_prenom">Prenom</entry>
	<entry key="membreppaf_numerotelephone1">Numerotelephone1</entry>
	<entry key="membreppaf_numerotelephone2">Numerotelephone2</entry>
	<entry key="membreppaf_email">Email</entry>
	<entry key="membreppaf_actif">Actif</entry>
	<entry key="membreppaf_note">Note</entry>
	<entry key="membreppaf_rue">Rue</entry>
	<entry key="membreppaf_ville">Ville</entry>
	<entry key="membreppaf_codepostal">Codepostal</entry>
	<entry key="membreppaf_infosuppl">Infosuppl</entry>
	<entry key="membreppaf_rolemembreId">Rolemembre Id</entry>

	<!-- x-to-one -->
	<entry key="membreppaf_rolemembre">Rolemembre</entry>
</properties>