<?xml version="1.0" encoding="UTF-8" ?>
<!--
 ! (c) Copyright 2005-2012 JAXIO, www.jaxio.com
 ! Source code generated by Celerio, a Jaxio product
 ! Want to use Celerio within your company? email us at info@jaxio.com
 ! Follow us on twitter: @springfuse
 ! Template pack-backend-jpa:src/main/resources/localization/domain/domain_fr.e.vm.xml
-->
<!DOCTYPE properties SYSTEM "http://java.sun.com/dtd/properties.dtd">
<properties>
	<comment>Domain resources for Utilisateur for the french locale</comment>

	<entry key="utilisateur">Utilisateur</entry>

	<!-- Attributes -->
	<entry key="utilisateur_id">Id</entry>
	<entry key="utilisateur_username">Username</entry>
	<entry key="utilisateur_password">Password</entry>
	<entry key="utilisateur_email">Email</entry>
	<entry key="utilisateur_rue">Rue</entry>
	<entry key="utilisateur_ville">Ville</entry>
	<entry key="utilisateur_codepostal">Codepostal</entry>
	<entry key="utilisateur_infosuppl">Infosuppl</entry>
	<entry key="utilisateur_membreppafId">Membreppaf Id</entry>
	<entry key="utilisateur_actif">Actif</entry>

	<!-- x-to-one -->
	<entry key="utilisateur_membreppaf">Membreppaf</entry>

	<!-- many-to-many -->
	<entry key="utilisateur_roles">Roles</entry>

	
</properties>