<?xml version="1.0" encoding="UTF-8"?>
<!--
 ! (c) Copyright 2005-2012 JAXIO, www.jaxio.com
 ! Source code generated by Celerio, a Jaxio product
 ! Want to use Celerio within your company? email us at info@jaxio.com
 ! Follow us on twitter: @springfuse
 ! Template pack-jsf2-primefaces:src/main/webapp/WEB-INF/flows/edit/editFlow.e.vm.xml
-->
<flow xmlns="http://www.springframework.org/schema/webflow" xmlns:xsi="http://www.w3.org/2001/XMLSchema-instance"
	xsi:schemaLocation="http://www.springframework.org/schema/webflow http://www.springframework.org/schema/webflow/spring-webflow-2.0.xsd"
	parent="abstract/edit">
	
	<!-- note: this flow inherits from the abstract/edit flow -->

	<persistence-context />

	<!-- Flow input parameters -->
	<!-- item: the entity to edit. If null, then we create it here -->
	<input name="item" required="false" value="flowScope.item"/>	
	<on-start>
		<evaluate expression="itemController.newIfNull(item)" result="flowScope.item" />
	</on-start>

	<decision-state id="startChoice">
		<if test="sub" then="itemSubEdit" else="itemEdit" />
	</decision-state>

	<!-- EDIT -->
	<view-state id="itemEdit">
		<on-render>
			<evaluate expression="flowsMenuHandler.updateMenu(flowRequestContext,item.id,itemConverter.print(item))" />
		</on-render>

		<transition on="send">
			<evaluate expression="messageUtil.info('status_submitted_ok')" />
		</transition>

		<transition on="save">
			<evaluate expression="itemController.save(item)" />
		</transition>

		<transition on="saveAndClose">
			<evaluate expression="itemController.saveAndClose(item)" />
		</transition>

		<transition on="close">
			<evaluate expression="primeFacesUtil.showAskForSaveDialog(persistenceContext,item)"/>
		</transition>

		<transition on="deleteAndClose" to="deleteAndClose">
			<evaluate expression="itemController.delete(item)" />
		</transition>
	</view-state>

	<!-- SUB-EDIT -->
	<view-state id="itemSubEdit" view="itemEdit.xhtml">
		<transition on="ok">
			<evaluate expression="primeFacesUtil.forceClose()" />
		</transition>
		<transition on="cancel" to="cancelEdit" />
	</view-state>

	<end-state id="endEdit">
		<output name="item" value="item" />
	</end-state>
</flow>